,0,1,2,3
0,,,Ci1o.g)PCR CYyeu os 10 j5i Jj,Ci1o.g)PCR CYyeu os 10 j5i Jj
1,a(oWJi Sigma) 1ULu jy.iL bwy u~gmlw aJs,a(oWJi Sigma) 1ULu jy.iL bwy u~gmlw aJs,"Bioneer,South ) (16S rDNA .K j s;","Bioneer,South ) (16S rDNA .K j s;"
2,Toggs Lgugamluaysislosysaaol.Cl,Toggs Lgugamluaysislosysaaol.Cl,,.[r]us (Korea
3,oIs-iwSJ>(pH=V/E) cWL Js,oIs-iwSJ>(pH=V/E) cWL Js,,
4,PGI) ygIoKs by 1.nm zy Jyb,PGI) ygIoKs by 1.nm zy Jyb,Cxlss olel aygs cas y jloyasosjaly,Cxlss olel aygs cas y jloyasosjaly
5,3gLwgw pH cao1s1 ys.wkAA sgd>OLKI,3gLwgw pH cao1s1 ys.wkAA sgd>OLKI,r g w y5iMRS cuiS b>u sgb cLsCw 1w1 oykv,r g w y5iMRS cuiS b>u sgb cLsCw 1w1 oykv
6,dysrVsWygaiWl bybud WysM Cble L ixm,dysrVsWygaiWl bybud WysM Cble L ixm,,
7,pH allys.wslisabus ccWVoCw d umLw,pH allys.wslisabus ccWVoCw d umLw,,
8,,,PDA23 h j4 Lspores/mL sLw L l,PDA23 h j4 Lspores/mL sLw L l
9,SgliSabSCcLw 1/O CodUgmlu dysFVsWs,SgliSabSCcLw 1/O CodUgmlu dysFVsWs,,
10,,,asToslsysLcul pgsayoleljlumgauyay,asToslsysLcul pgsayoleljlumgauyay
11,csliAjlwosuswblwgasogbi,csliAjlwosuswblwgasogbi,,
12,,,,.[rV] 5 (1.42e)  image J
13,(Syio clsyWs JLacl 3gl SySL CaS) loLi aga d,(Syio clsyWs JLacl 3gl SySL CaS) loLi aga d,,
14,[19] db slouj Loys,[19] db slouj Loys,,
15,9 JLaFg sbCLL,sLj1 -A-Y,,"cLcySL xlxJ sY a1L ougIjL a 5""Jx slx"
16,,,sox(acwri cus)osyalLjlWWorLw,sox(acwri cus)osyalLjlWWorLw
17,UbjgxlbugOiacl ri casj1b,UbjgxlbugOiacl ri casj1b,cWsys CcW iA CuagasuJ jLi MRS CaS b>u,cWsys CcW iA CuagasuJ jLi MRS CaS b>u
18,,,Cas bu Um .W Sli5abus u~gmlu dss rV,Cas bu Um .W Sli5abus u~gmlu dss rV
19,,,j1CFU/mL CuxaS;L(Loys/A) yLi BHI24,j1CFU/mL CuxaS;L(Loys/A) yLi BHI24
20,.CilsOD.=AAJslsicouicmsaogmiLwyw,.CilsOD.=AAJslsicouicmsaogmiLwyw,ri Cl augamlw dysrVslosys Leculpgs ayju,ri Cl augamlw dysrVslosys Leculpgs ayju
21,slosysCclwrEgECoasLSligmilugucalslys,slosysCclwrEgECoasLSligmilugucalslys,,[]uWslabuSCcu
22,,,-d b1yycZSY a1x>sLooxj-V-Y,-d b1yycZSY a1x>sLooxj-V-Y
23,abi.JabJLe1-yi1j(E) dwo,,,u*J1S oKwsoWsjW
24,skglwlOglgiOlaAAo,skglwlOglgiOlaAAo,,
25,,[r]wslisabs,23. Potato Dextrose Agar,
