,0,1,2,3,4,5,6,7,8
0,Functional,,Market Class,,Dietary Treatment,,,Source of Variation,
1,Indices,Light Broiler,Medium Broiler,Heavy Broiler,Enriched,Market Class,Dietary Treatment,Market Class  Dietary Treatment,
2,S/P,0.59  0.08,0.59  0.07,0.54  0.05,0.52  0.03,NS,*,,*
3,h/H,2.04  0.29,2.06  0.29,2.19  0.20,2.33  0.13,NS,*,,*
4,AI,1.77  0.25,1.75  0.25,1.62  0.17,1.51  0.09,NS,*,,*
5,TI,0.85  0.26,0.84  0.25,0.69  0.16,0.58  0.04,NS,*,,*
6,n-6/n-3,5.83  3.74,5.42  3.29,3.25  1.57,2.15  0.25,NS,*,,*
